--JOSHUA STORM

USE A2ZSalonDB;

--1
CREATE TABLE ZIPCODE (
    ZIP_CODE VARCHAR(10) PRIMARY KEY,
    ZIP_CITY VARCHAR(50) NOT NULL,
    ZIP_STATE VARCHAR(2) NOT NULL
);
INSERT INTO ZIPCODE (ZIP_CODE, ZIP_CITY, ZIP_STATE) VALUES ('48026', 'Fraser', 'MI');
INSERT INTO ZIPCODE (ZIP_CODE, ZIP_CITY, ZIP_STATE) VALUES ('48088', 'Warren', 'MI');
INSERT INTO ZIPCODE (ZIP_CODE, ZIP_CITY, ZIP_STATE) VALUES ('48092', 'Warren', 'MI');
INSERT INTO ZIPCODE (ZIP_CODE, ZIP_CITY, ZIP_STATE) VALUES ('49544', 'Grand Rapids', 'MI');
INSERT INTO ZIPCODE (ZIP_CODE, ZIP_CITY, ZIP_STATE) VALUES ('48094', 'Washington', 'MI');
INSERT INTO ZIPCODE (ZIP_CODE, ZIP_CITY, ZIP_STATE) VALUES ('48098', 'Troy', 'MI');
INSERT INTO ZIPCODE (ZIP_CODE, ZIP_CITY, ZIP_STATE) VALUES ('48107', 'Ann Arbor', 'MI');
INSERT INTO ZIPCODE (ZIP_CODE, ZIP_CITY, ZIP_STATE) VALUES ('48206', 'Detroit', 'MI');
INSERT INTO ZIPCODE (ZIP_CODE, ZIP_CITY, ZIP_STATE) VALUES ('48217', 'Detroit', 'MI');
INSERT INTO ZIPCODE (ZIP_CODE, ZIP_CITY, ZIP_STATE) VALUES ('48224', 'Detroit', 'MI');
INSERT INTO ZIPCODE (ZIP_CODE, ZIP_CITY, ZIP_STATE) VALUES ('48226', 'Detroit', 'MI');
INSERT INTO ZIPCODE (ZIP_CODE, ZIP_CITY, ZIP_STATE) VALUES ('48232', 'Detroit', 'MI');
INSERT INTO ZIPCODE (ZIP_CODE, ZIP_CITY, ZIP_STATE) VALUES ('48242', 'Detroit', 'MI');
INSERT INTO ZIPCODE (ZIP_CODE, ZIP_CITY, ZIP_STATE) VALUES ('48258', 'Detroit', 'MI');
INSERT INTO ZIPCODE (ZIP_CODE, ZIP_CITY, ZIP_STATE) VALUES ('48267', 'Detroit', 'MI');
INSERT INTO ZIPCODE (ZIP_CODE, ZIP_CITY, ZIP_STATE) VALUES ('48275', 'Detroit', 'MI');
INSERT INTO ZIPCODE (ZIP_CODE, ZIP_CITY, ZIP_STATE) VALUES ('48295', 'Detroit', 'MI');
INSERT INTO ZIPCODE (ZIP_CODE, ZIP_CITY, ZIP_STATE) VALUES ('48335', 'Farmington', 'MI');
INSERT INTO ZIPCODE (ZIP_CODE, ZIP_CITY, ZIP_STATE) VALUES ('48505', 'Flint', 'MI');
INSERT INTO ZIPCODE (ZIP_CODE, ZIP_CITY, ZIP_STATE) VALUES ('48555', 'Flint', 'MI');
INSERT INTO ZIPCODE (ZIP_CODE, ZIP_CITY, ZIP_STATE) VALUES ('48604', 'Saginaw', 'MI');
INSERT INTO ZIPCODE (ZIP_CODE, ZIP_CITY, ZIP_STATE) VALUES ('48609', 'Saginaw', 'MI');
INSERT INTO ZIPCODE (ZIP_CODE, ZIP_CITY, ZIP_STATE) VALUES ('48670', 'Midland', 'MI');
INSERT INTO ZIPCODE (ZIP_CODE, ZIP_CITY, ZIP_STATE) VALUES ('48901', 'Lansing', 'MI');
INSERT INTO ZIPCODE (ZIP_CODE, ZIP_CITY, ZIP_STATE) VALUES ('48919', 'Lansing', 'MI');
INSERT INTO ZIPCODE (ZIP_CODE, ZIP_CITY, ZIP_STATE) VALUES ('48930', 'Lansing', 'MI');
INSERT INTO ZIPCODE (ZIP_CODE, ZIP_CITY, ZIP_STATE) VALUES ('48956', 'Lansing', 'MI');
INSERT INTO ZIPCODE (ZIP_CODE, ZIP_CITY, ZIP_STATE) VALUES ('49006', 'Kalamazoo', 'MI');
INSERT INTO ZIPCODE (ZIP_CODE, ZIP_CITY, ZIP_STATE) VALUES ('49018', 'Battle Creek', 'MI');
INSERT INTO ZIPCODE (ZIP_CODE, ZIP_CITY, ZIP_STATE) VALUES ('49048', 'Kalamazoo', 'MI');
INSERT INTO ZIPCODE (ZIP_CODE, ZIP_CITY, ZIP_STATE) VALUES ('49444', 'Muskegon', 'MI');
INSERT INTO ZIPCODE (ZIP_CODE, ZIP_CITY, ZIP_STATE) VALUES ('49510', 'Grand Rapids', 'MI');
INSERT INTO ZIPCODE (ZIP_CODE, ZIP_CITY, ZIP_STATE) VALUES ('49518', 'Grand Rapids', 'MI');
INSERT INTO ZIPCODE (ZIP_CODE, ZIP_CITY, ZIP_STATE) VALUES ('49544', 'Grand Rapids', 'MI');

--2
CREATE TABLE BEAUTICIAN (
    BEAUTICIAN_ID INT PRIMARY KEY,
    ZIP_CODE VARCHAR(10) NOT NULL,
    BEA_FNAME VARCHAR(50) NOT NULL,
    BEA_LNAME VARCHAR(50) NOT NULL,
    BEA_INIT CHAR(1) NULL,
    BEA_SSN CHAR(9) NOT NULL,
    BEA_ST_NUM VARCHAR(10) NOT NULL,
    BEA_ST_NAME VARCHAR(50) NOT NULL,
    BEA_CELL_PHONE CHAR(10) NOT NULL,
    BEA_HOME_PHONE CHAR(10) NULL,
    BEA_EMAIL VARCHAR(50) NOT NULL,
    BEA_DOB DATE NOT NULL,
    BEA_DATE_HIRED DATE NOT NULL,
    FOREIGN KEY (ZIP_CODE) REFERENCES ZIPCODE(ZIP_CODE)
);

INSERT INTO BEAUTICIAN (BEAUTICIAN_ID, ZIP_CODE, BEA_FNAME, BEA_LNAME, BEA_INIT, BEA_SSN, 
    BEA_ST_NUM, BEA_ST_NAME, BEA_CELL_PHONE, BEA_HOME_PHONE, BEA_EMAIL, BEA_DOB, BEA_DATE_HIRED) 
	VALUES (1, '48098', 'Jane', 'Doe', 'A', '123456789', '123', 'Main St', '1234567890', '0987654321', 'jane.doe@example.com', '1985-01-01', '2020-01-01');
INSERT INTO BEAUTICIAN (BEAUTICIAN_ID, ZIP_CODE, BEA_FNAME, BEA_LNAME, BEA_INIT, BEA_SSN, 
	BEA_ST_NUM, BEA_ST_NAME, BEA_CELL_PHONE, BEA_HOME_PHONE, BEA_EMAIL, BEA_DOB, BEA_DATE_HIRED) 
	VALUES (2, '48107', 'John', 'Smith', 'B', '234567890', '456', 'Oak St', '2345678901', '1098765432', 'john.smith@example.com', '1986-02-02', '2020-02-02');
INSERT INTO BEAUTICIAN (BEAUTICIAN_ID, ZIP_CODE, BEA_FNAME, BEA_LNAME, BEA_INIT, BEA_SSN,
	BEA_ST_NUM, BEA_ST_NAME, BEA_CELL_PHONE, BEA_HOME_PHONE, BEA_EMAIL, BEA_DOB, BEA_DATE_HIRED) 
	VALUES (3, '48206', 'Sara', 'Johnson', 'C', '345678901', '789', 'Pine St', '3456789012', '2109876543', 'sara.johnson@example.com', '1987-03-03', '2020-03-03');
INSERT INTO BEAUTICIAN (BEAUTICIAN_ID, ZIP_CODE, BEA_FNAME, BEA_LNAME, BEA_INIT, BEA_SSN,
	BEA_ST_NUM, BEA_ST_NAME, BEA_CELL_PHONE, BEA_HOME_PHONE, BEA_EMAIL, BEA_DOB, BEA_DATE_HIRED) 
	VALUES (4, '48217', 'Michael', 'Williams', 'D', '456789012', '123', 'Elm St', '4567890123', '3210987654', 'michael.williams@example.com', '1988-04-04', '2020-04-04');
INSERT INTO BEAUTICIAN (BEAUTICIAN_ID, ZIP_CODE, BEA_FNAME, BEA_LNAME, BEA_INIT, BEA_SSN, 
	BEA_ST_NUM, BEA_ST_NAME, BEA_CELL_PHONE, BEA_HOME_PHONE, BEA_EMAIL, BEA_DOB, BEA_DATE_HIRED) 
	VALUES (5, '48224', 'Emily', 'Brown', 'E', '567890123', '456', 'Maple St', '5678901234', '4321098765', 'emily.brown@example.com', '1989-05-05', '2020-05-05');
INSERT INTO BEAUTICIAN (BEAUTICIAN_ID, ZIP_CODE, BEA_FNAME, BEA_LNAME, BEA_INIT, BEA_SSN, 
	BEA_ST_NUM, BEA_ST_NAME, BEA_CELL_PHONE, BEA_HOME_PHONE, BEA_EMAIL, BEA_DOB, BEA_DATE_HIRED) 
	VALUES (6, '48226', 'David', 'Davis', 'F', '678901234', '789', 'Birch St', '6789012345', '5432109876', 'david.davis@example.com', '1990-06-06', '2020-06-06');
INSERT INTO BEAUTICIAN (BEAUTICIAN_ID, ZIP_CODE, BEA_FNAME, BEA_LNAME, BEA_INIT, BEA_SSN, 
	BEA_ST_NUM, BEA_ST_NAME, BEA_CELL_PHONE, BEA_HOME_PHONE, BEA_EMAIL, BEA_DOB, BEA_DATE_HIRED)
	VALUES (7, '48232', 'Jessica', 'Miller', 'G', '789012345', '123', 'Cedar St', '7890123456', '6543210987', 'jessica.miller@example.com', '1991-07-07', '2020-07-07');
INSERT INTO BEAUTICIAN (BEAUTICIAN_ID, ZIP_CODE, BEA_FNAME, BEA_LNAME, BEA_INIT, BEA_SSN,
	BEA_ST_NUM, BEA_ST_NAME, BEA_CELL_PHONE, BEA_HOME_PHONE, BEA_EMAIL, BEA_DOB, BEA_DATE_HIRED)
	VALUES (8, '48242', 'James', 'Wilson', 'H', '890123456', '456', 'Spruce St', '8901234567', '7654321098', 'james.wilson@example.com', '1992-08-08', '2020-08-08');
INSERT INTO BEAUTICIAN (BEAUTICIAN_ID, ZIP_CODE, BEA_FNAME, BEA_LNAME, BEA_INIT, BEA_SSN, 
	BEA_ST_NUM, BEA_ST_NAME, BEA_CELL_PHONE, BEA_HOME_PHONE, BEA_EMAIL, BEA_DOB, BEA_DATE_HIRED) 
	VALUES (9, '48258', 'Karen', 'Taylor', 'I', '901234567', '789', 'Cherry St', '9012345678', '8765432109', 'karen.taylor@example.com', '1993-09-09', '2020-09-09');
INSERT INTO BEAUTICIAN (BEAUTICIAN_ID, ZIP_CODE, BEA_FNAME, BEA_LNAME, BEA_INIT, BEA_SSN, 
	BEA_ST_NUM, BEA_ST_NAME, BEA_CELL_PHONE, BEA_HOME_PHONE, BEA_EMAIL, BEA_DOB, BEA_DATE_HIRED)
	VALUES (10,'48267', 'Robert', 'Anderson', 'J', '012345678', '123', 'Willow St', '0123456789', '9876543210', 'robert.anderson@example.com', '1994-10-10', '2020-10-10');
INSERT INTO BEAUTICIAN (BEAUTICIAN_ID, ZIP_CODE, BEA_FNAME, BEA_LNAME, BEA_INIT, BEA_SSN, 
    BEA_ST_NUM, BEA_ST_NAME, BEA_CELL_PHONE, BEA_HOME_PHONE, BEA_EMAIL, BEA_DOB, BEA_DATE_HIRED) 
    VALUES (11, '48275', 'Alice', 'Moore', '', '112233445', '321', 'Pine St', '1122334455', '', 'alice.moore@example.com', '1995-11-11', '2021-11-11');
INSERT INTO BEAUTICIAN (BEAUTICIAN_ID, ZIP_CODE, BEA_FNAME, BEA_LNAME, BEA_INIT, BEA_SSN, 
    BEA_ST_NUM, BEA_ST_NAME, BEA_CELL_PHONE, BEA_HOME_PHONE, BEA_EMAIL, BEA_DOB, BEA_DATE_HIRED) 
    VALUES (12, '48295', 'Barbara', 'Thomas', 'B', '223344556', '654', 'Oak St', '2233445566', '6655443322', 'barbara.thomas@example.com', '1996-12-12', '2021-12-12');
INSERT INTO BEAUTICIAN (BEAUTICIAN_ID, ZIP_CODE, BEA_FNAME, BEA_LNAME, BEA_INIT, BEA_SSN, 
    BEA_ST_NUM, BEA_ST_NAME, BEA_CELL_PHONE, BEA_HOME_PHONE, BEA_EMAIL, BEA_DOB, BEA_DATE_HIRED) 
    VALUES (13, '48335', 'Catherine', 'Jackson', 'C', '334455667', '987', 'Elm St', '3344556677', '7788991122', 'catherine.jackson@example.com', '1997-01-13', '2021-01-13');
INSERT INTO BEAUTICIAN (BEAUTICIAN_ID, ZIP_CODE, BEA_FNAME, BEA_LNAME, BEA_INIT, BEA_SSN, 
    BEA_ST_NUM, BEA_ST_NAME, BEA_CELL_PHONE, BEA_HOME_PHONE, BEA_EMAIL, BEA_DOB, BEA_DATE_HIRED) 
    VALUES (14, '48505', 'Diana', 'Harris', '', '445566778', '135', 'Maple St', '4455667788', '', 'diana.harris@example.com', '1998-02-14', '2021-02-14');
INSERT INTO BEAUTICIAN (BEAUTICIAN_ID, ZIP_CODE, BEA_FNAME, BEA_LNAME, BEA_INIT, BEA_SSN, 
    BEA_ST_NUM, BEA_ST_NAME, BEA_CELL_PHONE, BEA_HOME_PHONE, BEA_EMAIL, BEA_DOB, BEA_DATE_HIRED) 
    VALUES (15, '48555', 'Elizabeth', 'Clark', 'E', '556677889', '246', 'Birch St', '5566778899', '9988776655', 'elizabeth.clark@example.com', '1999-03-15', '2021-03-15');
INSERT INTO BEAUTICIAN (BEAUTICIAN_ID, ZIP_CODE, BEA_FNAME, BEA_LNAME, BEA_INIT, BEA_SSN, 
    BEA_ST_NUM, BEA_ST_NAME, BEA_CELL_PHONE, BEA_HOME_PHONE, BEA_EMAIL, BEA_DOB, BEA_DATE_HIRED) 
    VALUES (16, '48604', 'Fiona', 'Lewis', 'F', '667788990', '321', 'Pine St', '6677889900', '0099887766', 'fiona.lewis@example.com', '2000-04-16', '2021-04-16');
INSERT INTO BEAUTICIAN (BEAUTICIAN_ID, ZIP_CODE, BEA_FNAME, BEA_LNAME, BEA_INIT, BEA_SSN, 
    BEA_ST_NUM, BEA_ST_NAME, BEA_CELL_PHONE, BEA_HOME_PHONE, BEA_EMAIL, BEA_DOB, BEA_DATE_HIRED) 
    VALUES (17, '48609', 'Grace', 'Lee', '', '778899001', '654', 'Cedar St', '7788990011', '', 'grace.lee@example.com', '2001-05-17', '2021-05-17');
INSERT INTO BEAUTICIAN (BEAUTICIAN_ID, ZIP_CODE, BEA_FNAME, BEA_LNAME, BEA_INIT, BEA_SSN, 
    BEA_ST_NUM, BEA_ST_NAME, BEA_CELL_PHONE, BEA_HOME_PHONE, BEA_EMAIL, BEA_DOB, BEA_DATE_HIRED) 
    VALUES (18, '48670', 'Hannah', 'Walker', 'H', '889900112', '987', 'Spruce St', '8899001122', '1122334455', 'hannah.walker@example.com', '2002-06-18', '2021-06-18');
INSERT INTO BEAUTICIAN (BEAUTICIAN_ID, ZIP_CODE, BEA_FNAME, BEA_LNAME, BEA_INIT, BEA_SSN, 
    BEA_ST_NUM, BEA_ST_NAME, BEA_CELL_PHONE, BEA_HOME_PHONE, BEA_EMAIL, BEA_DOB, BEA_DATE_HIRED) 
    VALUES (19, '48901', 'Isabella', 'Hall', 'I', '990011223', '135', 'Cherry St', '9900112233', '2233445566', 'isabella.hall@example.com', '2003-07-19', '2021-07-19');
INSERT INTO BEAUTICIAN (BEAUTICIAN_ID, ZIP_CODE, BEA_FNAME, BEA_LNAME, BEA_INIT, BEA_SSN, 
    BEA_ST_NUM, BEA_ST_NAME, BEA_CELL_PHONE, BEA_HOME_PHONE, BEA_EMAIL, BEA_DOB, BEA_DATE_HIRED)
    VALUES (20, '48919', 'Jessica', 'Adams', '', '001122334', '246', 'Willow St', '0011223344', '', 'jessica.adams@example.com', '2004-08-20', '2021-08-20');
INSERT INTO BEAUTICIAN (BEAUTICIAN_ID, ZIP_CODE, BEA_FNAME, BEA_LNAME, BEA_INIT, BEA_SSN, 
    BEA_ST_NUM, BEA_ST_NAME, BEA_CELL_PHONE, BEA_HOME_PHONE, BEA_EMAIL, BEA_DOB, BEA_DATE_HIRED) 
    VALUES (21, '48930', 'Katherine', 'Perez', 'K', '112233445', '258', 'Oak St', '1122334455', '5566778899', 'katherine.perez@example.com', '2005-09-21', '2021-09-21');
INSERT INTO BEAUTICIAN (BEAUTICIAN_ID, ZIP_CODE, BEA_FNAME, BEA_LNAME, BEA_INIT, BEA_SSN, 
    BEA_ST_NUM, BEA_ST_NAME, BEA_CELL_PHONE, BEA_HOME_PHONE, BEA_EMAIL, BEA_DOB, BEA_DATE_HIRED) 
    VALUES (22, '48956', 'Laura', 'Nelson', '', '223344556', '369', 'Birch St', '2233445566', '', 'laura.nelson@example.com', '2006-10-22', '2021-10-22');
INSERT INTO BEAUTICIAN (BEAUTICIAN_ID, ZIP_CODE, BEA_FNAME, BEA_LNAME, BEA_INIT, BEA_SSN, 
    BEA_ST_NUM, BEA_ST_NAME, BEA_CELL_PHONE, BEA_HOME_PHONE, BEA_EMAIL, BEA_DOB, BEA_DATE_HIRED) 
    VALUES (23, '49006', 'Mary', 'Mitchell', 'M', '334455667', '481', 'Maple St', '3344556677', '7788990011', 'mary.mitchell@example.com', '2007-11-23', '2021-11-23');
INSERT INTO BEAUTICIAN (BEAUTICIAN_ID, ZIP_CODE, BEA_FNAME, BEA_LNAME, BEA_INIT, BEA_SSN, 
    BEA_ST_NUM, BEA_ST_NAME, BEA_CELL_PHONE, BEA_HOME_PHONE, BEA_EMAIL, BEA_DOB, BEA_DATE_HIRED) 
    VALUES (24, '49018', 'Nancy', 'Rodriguez', 'N', '445566778', '592', 'Elm St', '4455667788', '9900112233', 'nancy.rodriguez@example.com', '2008-12-24', '2021-12-24');
INSERT INTO BEAUTICIAN (BEAUTICIAN_ID, ZIP_CODE, BEA_FNAME, BEA_LNAME, BEA_INIT, BEA_SSN, 
    BEA_ST_NUM, BEA_ST_NAME, BEA_CELL_PHONE, BEA_HOME_PHONE, BEA_EMAIL, BEA_DOB, BEA_DATE_HIRED)
    VALUES (25, '49048', 'Olivia', 'Russell', '', '556677889', '703', 'Pine St', '5566778899', '', 'olivia.russell@example.com', '2009-01-25', '2021-01-25');

	--3
CREATE TABLE STORE (
    STORE_ID INT PRIMARY KEY,
    ZIP_CODE VARCHAR(10) NOT NULL,
    MANAGER_ID INT NOT NULL,
    STORE_NAME VARCHAR(50) NOT NULL,
    STORE_ST_NUM VARCHAR(10) NOT NULL,
    STORE_ST_NAME VARCHAR(50) NOT NULL,
    STORE_AREACODE CHAR(3) NOT NULL,
    STORE_PHONE CHAR(7) NOT NULL,
    STORE_WEBSITE_LINK VARCHAR(255) NULL,
    STORE_EMAIL VARCHAR(50) NOT NULL,
    FOREIGN KEY (ZIP_CODE) REFERENCES ZIPCODE(ZIP_CODE),
    FOREIGN KEY (MANAGER_ID) REFERENCES BEAUTICIAN(BEAUTICIAN_ID)
);

INSERT INTO STORE (STORE_ID, ZIP_CODE, MANAGER_ID, STORE_NAME, STORE_ST_NUM, STORE_ST_NAME, STORE_AREACODE, STORE_PHONE, STORE_WEBSITE_LINK, STORE_EMAIL)
VALUES (1, '48098', 1, 'A2Z Salon West', '123', 'Main St', '248', '1234567', 'www.troybeautysalon.com', 'info@troybeautysalon.com');

INSERT INTO STORE (STORE_ID, ZIP_CODE, MANAGER_ID, STORE_NAME, STORE_ST_NUM, STORE_ST_NAME, STORE_AREACODE, STORE_PHONE, STORE_WEBSITE_LINK, STORE_EMAIL)
VALUES (2, '48107', 4, 'A2Z Salon East', '456', 'Oak St', '734', '2345678', 'www.annarborhairstudio.com', 'contact@annarborhairstudio.com');

INSERT INTO STORE (STORE_ID, ZIP_CODE, MANAGER_ID, STORE_NAME, STORE_ST_NUM, STORE_ST_NAME, STORE_AREACODE, STORE_PHONE, STORE_WEBSITE_LINK, STORE_EMAIL)
VALUES (3, '48206', 7, 'A2Z Salon North', '789', 'Pine St', '313', '3456789', 'www.detroitbeautylounge.com', 'support@detroitbeautylounge.com');

INSERT INTO STORE (STORE_ID, ZIP_CODE, MANAGER_ID, STORE_NAME, STORE_ST_NUM, STORE_ST_NAME, STORE_AREACODE, STORE_PHONE, STORE_WEBSITE_LINK, STORE_EMAIL)
VALUES (4, '48217', 10, 'A2Z Salon South', '123', 'Elm St', '313', '4567890', 'www.detroitspaandsalon.com', 'info@detroitspaandsalon.com');

INSERT INTO STORE (STORE_ID, ZIP_CODE, MANAGER_ID, STORE_NAME, STORE_ST_NUM, STORE_ST_NAME, STORE_AREACODE, STORE_PHONE, STORE_WEBSITE_LINK, STORE_EMAIL)
VALUES (5, '48224', 14, 'A2Z Salon Central', '456', 'Maple St', '313', '5678901', 'www.detroithairstudio.com', 'contact@detroithairstudio.com');

INSERT INTO STORE (STORE_ID, ZIP_CODE, MANAGER_ID, STORE_NAME, STORE_ST_NUM, STORE_ST_NAME, STORE_AREACODE, STORE_PHONE, STORE_WEBSITE_LINK, STORE_EMAIL)
VALUES (6, '48226', 16, 'A2Z Salon Birch', '789', 'Birch St', '313', '6789012', 'www.detroitbeautybar.com', 'support@detroitbeautybar.com');

--4
CREATE TABLE BEAUTICIAN_STORE (
    BEAUTICIAN_ID INT NOT NULL,
    STORE_ID INT NOT NULL,
    PRIMARY KEY (BEAUTICIAN_ID, STORE_ID),
    FOREIGN KEY (BEAUTICIAN_ID) REFERENCES BEAUTICIAN(BEAUTICIAN_ID),
    FOREIGN KEY (STORE_ID) REFERENCES STORE(STORE_ID)
);

INSERT INTO BEAUTICIAN_STORE (BEAUTICIAN_ID, STORE_ID) VALUES (1, 1);
INSERT INTO BEAUTICIAN_STORE (BEAUTICIAN_ID, STORE_ID) VALUES (2, 1);
INSERT INTO BEAUTICIAN_STORE (BEAUTICIAN_ID, STORE_ID) VALUES (3, 1);
INSERT INTO BEAUTICIAN_STORE (BEAUTICIAN_ID, STORE_ID) VALUES (4, 2);
INSERT INTO BEAUTICIAN_STORE (BEAUTICIAN_ID, STORE_ID) VALUES (5, 2);
INSERT INTO BEAUTICIAN_STORE (BEAUTICIAN_ID, STORE_ID) VALUES (6, 2);
INSERT INTO BEAUTICIAN_STORE (BEAUTICIAN_ID, STORE_ID) VALUES (7, 3);
INSERT INTO BEAUTICIAN_STORE (BEAUTICIAN_ID, STORE_ID) VALUES (8, 3);
INSERT INTO BEAUTICIAN_STORE (BEAUTICIAN_ID, STORE_ID) VALUES (9, 3);
INSERT INTO BEAUTICIAN_STORE (BEAUTICIAN_ID, STORE_ID) VALUES (10, 4);
INSERT INTO BEAUTICIAN_STORE (BEAUTICIAN_ID, STORE_ID) VALUES (11, 4);
INSERT INTO BEAUTICIAN_STORE (BEAUTICIAN_ID, STORE_ID) VALUES (12, 4);
INSERT INTO BEAUTICIAN_STORE (BEAUTICIAN_ID, STORE_ID) VALUES (13, 4);
INSERT INTO BEAUTICIAN_STORE (BEAUTICIAN_ID, STORE_ID) VALUES (14, 5);
INSERT INTO BEAUTICIAN_STORE (BEAUTICIAN_ID, STORE_ID) VALUES (15, 5);
INSERT INTO BEAUTICIAN_STORE (BEAUTICIAN_ID, STORE_ID) VALUES (16, 6);
INSERT INTO BEAUTICIAN_STORE (BEAUTICIAN_ID, STORE_ID) VALUES (17, 6);
INSERT INTO BEAUTICIAN_STORE (BEAUTICIAN_ID, STORE_ID) VALUES (4, 6);
INSERT INTO BEAUTICIAN_STORE (BEAUTICIAN_ID, STORE_ID) VALUES (5, 1);

--5
CREATE TABLE PROMOTION (
    PROMOTION_ID INT PRIMARY KEY,
    PROMO_START_DATE DATE NOT NULL,
    PROMO_END_DATE DATE NOT NULL,
    PROMO_DISCOUNT_RATE DECIMAL(5, 2) NOT NULL,
    PROMO_TYPE CHAR(1) CHECK (PROMO_TYPE IN ('S', 'P')) NOT NULL,
    PROMO_DESCR VARCHAR(255) NOT NULL
);
INSERT INTO PROMOTION (PROMOTION_ID, PROMO_START_DATE, PROMO_END_DATE, PROMO_DISCOUNT_RATE, PROMO_TYPE, PROMO_DESCR)
VALUES (1, '2023-09-01', '2023-09-30', 20.00, 'S', '20% OFF SERVICES');

INSERT INTO PROMOTION (PROMOTION_ID, PROMO_START_DATE, PROMO_END_DATE, PROMO_DISCOUNT_RATE, PROMO_TYPE, PROMO_DESCR)
VALUES (2, '2023-10-01', '2023-10-31', 15.00, 'P', '15% OFF PRODUCTS');

INSERT INTO PROMOTION (PROMOTION_ID, PROMO_START_DATE, PROMO_END_DATE, PROMO_DISCOUNT_RATE, PROMO_TYPE, PROMO_DESCR)
VALUES (3, '2023-11-01', '2023-11-30', 10.00, 'S', '10% OFF SERVICES');

INSERT INTO PROMOTION (PROMOTION_ID, PROMO_START_DATE, PROMO_END_DATE, PROMO_DISCOUNT_RATE, PROMO_TYPE, PROMO_DESCR)
VALUES (4, '2023-12-01', '2023-12-31', 25.00, 'P', '25% OFF PRODUCTS');

INSERT INTO PROMOTION (PROMOTION_ID, PROMO_START_DATE, PROMO_END_DATE, PROMO_DISCOUNT_RATE, PROMO_TYPE, PROMO_DESCR)
VALUES (5, '2024-01-01', '2024-01-31', 30.00, 'S', '30% OFF SERVICES');

INSERT INTO PROMOTION (PROMOTION_ID, PROMO_START_DATE, PROMO_END_DATE, PROMO_DISCOUNT_RATE, PROMO_TYPE, PROMO_DESCR)
VALUES (6, '2024-02-01', '2024-02-28', 5.00, 'P', '5% OFF PRODUCTS');

INSERT INTO PROMOTION (PROMOTION_ID, PROMO_START_DATE, PROMO_END_DATE, PROMO_DISCOUNT_RATE, PROMO_TYPE, PROMO_DESCR)
VALUES (7, '2024-03-01', '2024-03-31', 15.00, 'S', '15% OFF SERVICES');

UPDATE PROMOTION SET PROMO_DESCR = '20% OFF SERVICES' WHERE PROMOTION_ID = 1;
UPDATE PROMOTION SET PROMO_DESCR = '15% OFF PRODUCTS' WHERE PROMOTION_ID = 2;
UPDATE PROMOTION SET PROMO_DESCR = '10% OFF SERVICES' WHERE PROMOTION_ID = 3;
UPDATE PROMOTION SET PROMO_DESCR = '25% OFF PRODUCTS' WHERE PROMOTION_ID = 4;
UPDATE PROMOTION SET PROMO_DESCR = '30% OFF SERVICES' WHERE PROMOTION_ID = 5;
UPDATE PROMOTION SET PROMO_DESCR = '5% OFF PRODUCTS' WHERE PROMOTION_ID = 6;
UPDATE PROMOTION SET PROMO_DESCR = '15% OFF SERVICES' WHERE PROMOTION_ID = 7;




--6
CREATE TABLE CUSTOMER (
    CUSTOMER_ID INT PRIMARY KEY,
    ZIP_CODE VARCHAR(10) NOT NULL,
    CUS_FNAME VARCHAR(50) NOT NULL,
    CUS_LNAME VARCHAR(50) NOT NULL,
    CUS_INIT CHAR(1) NULL,
    CUS_ST_NUM VARCHAR(10) NOT NULL,
    CUS_ST_NAME VARCHAR(50) NOT NULL,
    CUS_CELL_PHONE CHAR(10) NOT NULL,
    CUS_HOME_PHONE CHAR(10) NULL,
    CUS_EMAIL VARCHAR(50) NOT NULL,
    CUS_DOB DATE NOT NULL,
    CUS_IS_MEMBER CHAR(1) CHECK (CUS_IS_MEMBER IN ('Y', 'N')) NOT NULL,
    FOREIGN KEY (ZIP_CODE) REFERENCES ZIPCODE(ZIP_CODE)
);
INSERT INTO CUSTOMER (CUSTOMER_ID, ZIP_CODE, CUS_FNAME, CUS_LNAME, CUS_INIT, CUS_ST_NUM, CUS_ST_NAME, CUS_CELL_PHONE, CUS_HOME_PHONE, CUS_EMAIL, CUS_DOB, CUS_IS_MEMBER)
VALUES (1, '48098', 'Alice', 'Johnson', 'A', '123', 'Main St', '1234567890', '0987654321', 'alice.johnson@example.com', '1980-01-01', 'Y');

INSERT INTO CUSTOMER (CUSTOMER_ID, ZIP_CODE, CUS_FNAME, CUS_LNAME, CUS_INIT, CUS_ST_NUM, CUS_ST_NAME, CUS_CELL_PHONE, CUS_HOME_PHONE, CUS_EMAIL, CUS_DOB, CUS_IS_MEMBER)
VALUES (2, '48206', 'Lindsey', 'Williamson', 'J', ' 123', 'Oak St', '2345678901', NULL, 'john.smith@example.com', '1985-02-02', 'Y');

INSERT INTO CUSTOMER (CUSTOMER_ID, ZIP_CODE, CUS_FNAME, CUS_LNAME, CUS_INIT, CUS_ST_NUM, CUS_ST_NAME, CUS_CELL_PHONE, CUS_HOME_PHONE, CUS_EMAIL, CUS_DOB, CUS_IS_MEMBER)
VALUES (3, '48206', 'Sara', 'Williams', 'S', '789', 'Pine St', '3456789012', '2109876543', 'j.williamson@example.com', '1990-03-03', 'Y');

INSERT INTO CUSTOMER (CUSTOMER_ID, ZIP_CODE, CUS_FNAME, CUS_LNAME, CUS_INIT, CUS_ST_NUM, CUS_ST_NAME, CUS_CELL_PHONE, CUS_HOME_PHONE, CUS_EMAIL, CUS_DOB, CUS_IS_MEMBER)
VALUES (4, '48217', 'Michael', 'Brown', NULL, '123', 'Elm St', '4567890123', NULL, 'michael.brown@example.com', '1988-04-04', 'Y');

INSERT INTO CUSTOMER (CUSTOMER_ID, ZIP_CODE, CUS_FNAME, CUS_LNAME, CUS_INIT, CUS_ST_NUM, CUS_ST_NAME, CUS_CELL_PHONE, CUS_HOME_PHONE, CUS_EMAIL, CUS_DOB, CUS_IS_MEMBER)
VALUES (5, '48224', 'Emily', 'Davis', 'E', '456', 'Maple St', '5678901234', '4321098765', 'emily.davis@example.com', '1989-05-05', 'Y');

INSERT INTO CUSTOMER (CUSTOMER_ID, ZIP_CODE, CUS_FNAME, CUS_LNAME, CUS_INIT, CUS_ST_NUM, CUS_ST_NAME, CUS_CELL_PHONE, CUS_HOME_PHONE, CUS_EMAIL, CUS_DOB, CUS_IS_MEMBER)
VALUES (6, '48226', 'David', 'Miller', 'D', '789', 'Birch St', '6789012345', '5432109876', 'david.miller@example.com', '1990-06-06', 'N');

INSERT INTO CUSTOMER (CUSTOMER_ID, ZIP_CODE, CUS_FNAME, CUS_LNAME, CUS_INIT, CUS_ST_NUM, CUS_ST_NAME, CUS_CELL_PHONE, CUS_HOME_PHONE, CUS_EMAIL, CUS_DOB, CUS_IS_MEMBER)
VALUES (7, '48232', 'Jessica', 'Taylor', 'J', '123', 'Cedar St', '7890123456', '6543210987', 'jessica.taylor@example.com', '1991-07-07', 'Y');

INSERT INTO CUSTOMER (CUSTOMER_ID, ZIP_CODE, CUS_FNAME, CUS_LNAME, CUS_INIT, CUS_ST_NUM, CUS_ST_NAME, CUS_CELL_PHONE, CUS_HOME_PHONE, CUS_EMAIL, CUS_DOB, CUS_IS_MEMBER)
VALUES (8, '48242', 'James', 'Wilson', 'J', '456', 'Spruce St', '8901234567', '7654321098', 'james.wilson@example.com', '1992-08-08', 'N');

--7
CREATE TABLE CUSTOMER_PROMOTION (
    CUSTOMER_ID INT NOT NULL,
    PROMOTION_ID INT NOT NULL,
    FOREIGN KEY (CUSTOMER_ID) REFERENCES CUSTOMER(CUSTOMER_ID),
    FOREIGN KEY (PROMOTION_ID) REFERENCES PROMOTION(PROMOTION_ID),
    PRIMARY KEY (CUSTOMER_ID, PROMOTION_ID)
);

INSERT INTO CUSTOMER_PROMOTION (CUSTOMER_ID, PROMOTION_ID) VALUES (1, 1);
INSERT INTO CUSTOMER_PROMOTION (CUSTOMER_ID, PROMOTION_ID) VALUES (1, 6);
INSERT INTO CUSTOMER_PROMOTION (CUSTOMER_ID, PROMOTION_ID) VALUES (2, 2);
INSERT INTO CUSTOMER_PROMOTION (CUSTOMER_ID, PROMOTION_ID) VALUES (2, 3);
INSERT INTO CUSTOMER_PROMOTION (CUSTOMER_ID, PROMOTION_ID) VALUES (3, 2);
INSERT INTO CUSTOMER_PROMOTION (CUSTOMER_ID, PROMOTION_ID) VALUES (3, 5);
INSERT INTO CUSTOMER_PROMOTION (CUSTOMER_ID, PROMOTION_ID) VALUES (4, 3);
INSERT INTO CUSTOMER_PROMOTION (CUSTOMER_ID, PROMOTION_ID) VALUES (4, 7);
INSERT INTO CUSTOMER_PROMOTION (CUSTOMER_ID, PROMOTION_ID) VALUES (5, 2);
INSERT INTO CUSTOMER_PROMOTION (CUSTOMER_ID, PROMOTION_ID) VALUES (5, 3);
INSERT INTO CUSTOMER_PROMOTION (CUSTOMER_ID, PROMOTION_ID) VALUES (5, 4);
INSERT INTO CUSTOMER_PROMOTION (CUSTOMER_ID, PROMOTION_ID) VALUES (7, 4);

--8
CREATE TABLE PREFERENCE (
    PreferenceID INT PRIMARY KEY,
    Pref_hair_length VARCHAR(50) NULL,
    Pref_hair_color VARCHAR(50) NULL,
    Pref_hair_type VARCHAR(50) NULL,
    Pref_shampoo VARCHAR(50) NULL,
    Pref_conditioner VARCHAR(50) NULL,
    Pref_nail_length VARCHAR(50) NULL,
    Pref_nail_color VARCHAR(50) NULL,
    Pref_nail_polish_style VARCHAR(50) NULL,
    Pref_notes TEXT NULL,
    CustomerID INT,
    FOREIGN KEY (CustomerID) REFERENCES CUSTOMER(CUSTOMER_ID)
);

ALTER TABLE PREFERENCE
DROP COLUMN Pref_hair_type;

INSERT INTO PREFERENCE (PreferenceID, Pref_hair_length, Pref_hair_color, Pref_shampoo, Pref_conditioner, Pref_nail_length, Pref_nail_color, Pref_nail_polish_style, Pref_notes, CustomerID) 
VALUES (1, 'short', 'brown', 'Shampoo A', 'Conditioner A', 'short', 'red', 'glossy', 'Likes scalp massage', 1);

INSERT INTO PREFERENCE (PreferenceID, Pref_hair_length, Pref_hair_color, Pref_shampoo, Pref_conditioner, Pref_nail_length, Pref_nail_color, Pref_nail_polish_style, Pref_notes, CustomerID) 
VALUES (2, 'medium', 'black', NULL, 'Conditioner B', 'medium', 'blue', 'matte', NULL, 2);

INSERT INTO PREFERENCE (PreferenceID, Pref_hair_length, Pref_hair_color, Pref_shampoo, Pref_conditioner, Pref_nail_length, Pref_nail_color, Pref_nail_polish_style, Pref_notes, CustomerID) 
VALUES (3, 'long', 'blonde', 'Shampoo C', NULL, 'long', 'green', 'sparkle', 'Prefers organic products', 3);

INSERT INTO PREFERENCE (PreferenceID, Pref_hair_length, Pref_hair_color, Pref_shampoo, Pref_conditioner, Pref_nail_length, Pref_nail_color, Pref_nail_polish_style, Pref_notes, CustomerID) 
VALUES (4, 'medium', 'red', NULL, NULL, 'medium', 'pink', 'glossy', NULL, 4);

INSERT INTO PREFERENCE (PreferenceID, Pref_hair_length, Pref_hair_color, Pref_shampoo, Pref_conditioner, Pref_nail_length, Pref_nail_color, Pref_nail_polish_style, Pref_notes, CustomerID) 
VALUES (5, 'short', 'brown', 'Shampoo D', 'Conditioner C', NULL, NULL, NULL, 'Allergic to some fragrances', 5);

INSERT INTO PREFERENCE (PreferenceID, Pref_hair_length, Pref_hair_color, Pref_shampoo, Pref_conditioner, Pref_nail_length, Pref_nail_color, Pref_nail_polish_style, Pref_notes, CustomerID) 
VALUES (6, 'long', 'black', 'Shampoo E', 'Conditioner D', 'short', 'purple', 'matte', 'Vegan products only', 7);

INSERT INTO PREFERENCE (PreferenceID, Pref_hair_length, Pref_hair_color, Pref_shampoo, Pref_conditioner, Pref_nail_length, Pref_nail_color, Pref_nail_polish_style, Pref_notes, CustomerID) 
VALUES (7, 'medium', 'blonde', NULL, NULL, 'long', 'yellow', 'sparkle', NULL, 8);

--9
CREATE TABLE CERTIFICATE (
    CERTIFICATEID INT PRIMARY KEY,
    CERT_NAME VARCHAR(50) NOT NULL,
    CERT_TRADE_SCHOOL VARCHAR(50) NOT NULL
);
INSERT INTO CERTIFICATE (CERTIFICATEID, CERT_NAME, CERT_TRADE_SCHOOL)
VALUES (1, 'Hair Styling Certification', 'Beauty Academy');

INSERT INTO CERTIFICATE (CERTIFICATEID, CERT_NAME, CERT_TRADE_SCHOOL)
VALUES (2, 'Nail Technician License', 'Nail Art School');

INSERT INTO CERTIFICATE (CERTIFICATEID, CERT_NAME, CERT_TRADE_SCHOOL)
VALUES (3, 'Skincare Specialist Certificate', 'Skin Care Institute');

INSERT INTO CERTIFICATE (CERTIFICATEID, CERT_NAME, CERT_TRADE_SCHOOL)
VALUES (4, 'Makeup Artist Certification', 'Makeup Academy');

INSERT INTO CERTIFICATE (CERTIFICATEID, CERT_NAME, CERT_TRADE_SCHOOL)
VALUES (5, 'Massage Therapist License', 'Therapy School');

INSERT INTO CERTIFICATE (CERTIFICATEID, CERT_NAME, CERT_TRADE_SCHOOL)
VALUES (6, 'Barber License', 'Barber College');

--10
CREATE TABLE BEAUTICIAN_CERT (
    BEAUTICIAN_ID INT NOT NULL,
    CERTIFICATE_ID INT NOT NULL,
    CERT_ACTIVE_DATE DATE NOT NULL,
    CERT_EXPIRATION_DATE DATE NOT NULL,
    PRIMARY KEY (BEAUTICIAN_ID, CERTIFICATE_ID),
    FOREIGN KEY (BEAUTICIAN_ID) REFERENCES BEAUTICIAN(BEAUTICIAN_ID),
    FOREIGN KEY (CERTIFICATE_ID) REFERENCES CERTIFICATE(CERTIFICATEID)
);

INSERT INTO BEAUTICIAN_CERT (BEAUTICIAN_ID, CERTIFICATE_ID, CERT_ACTIVE_DATE, CERT_EXPIRATION_DATE) VALUES (1, 1, '2022-01-01', '2025-01-01');
INSERT INTO BEAUTICIAN_CERT (BEAUTICIAN_ID, CERTIFICATE_ID, CERT_ACTIVE_DATE, CERT_EXPIRATION_DATE) VALUES (1, 2, '2022-02-01', '2025-02-01');

INSERT INTO BEAUTICIAN_CERT (BEAUTICIAN_ID, CERTIFICATE_ID, CERT_ACTIVE_DATE, CERT_EXPIRATION_DATE) VALUES (2, 3, '2022-03-01', '2025-03-01');
INSERT INTO BEAUTICIAN_CERT (BEAUTICIAN_ID, CERTIFICATE_ID, CERT_ACTIVE_DATE, CERT_EXPIRATION_DATE) VALUES (2, 4, '2022-04-01', '2025-04-01');
INSERT INTO BEAUTICIAN_CERT (BEAUTICIAN_ID, CERTIFICATE_ID, CERT_ACTIVE_DATE, CERT_EXPIRATION_DATE) VALUES (2, 5, '2022-05-01', '2025-05-01');

INSERT INTO BEAUTICIAN_CERT (BEAUTICIAN_ID, CERTIFICATE_ID, CERT_ACTIVE_DATE, CERT_EXPIRATION_DATE) VALUES (3, 6, '2022-06-01', '2025-06-01');
INSERT INTO BEAUTICIAN_CERT (BEAUTICIAN_ID, CERTIFICATE_ID, CERT_ACTIVE_DATE, CERT_EXPIRATION_DATE) VALUES (3, 1, '2022-07-01', '2025-07-01');

INSERT INTO BEAUTICIAN_CERT (BEAUTICIAN_ID, CERTIFICATE_ID, CERT_ACTIVE_DATE, CERT_EXPIRATION_DATE) VALUES (4, 2, '2022-08-01', '2025-08-01');
INSERT INTO BEAUTICIAN_CERT (BEAUTICIAN_ID, CERTIFICATE_ID, CERT_ACTIVE_DATE, CERT_EXPIRATION_DATE) VALUES (4, 3, '2022-09-01', '2025-09-01');
INSERT INTO BEAUTICIAN_CERT (BEAUTICIAN_ID, CERTIFICATE_ID, CERT_ACTIVE_DATE, CERT_EXPIRATION_DATE) VALUES (4, 4, '2022-10-01', '2025-10-01');

INSERT INTO BEAUTICIAN_CERT (BEAUTICIAN_ID, CERTIFICATE_ID, CERT_ACTIVE_DATE, CERT_EXPIRATION_DATE) VALUES (5, 5, '2022-11-01', '2025-11-01');
INSERT INTO BEAUTICIAN_CERT (BEAUTICIAN_ID, CERTIFICATE_ID, CERT_ACTIVE_DATE, CERT_EXPIRATION_DATE) VALUES (5, 6, '2022-12-01', '2025-12-01');

INSERT INTO BEAUTICIAN_CERT (BEAUTICIAN_ID, CERTIFICATE_ID, CERT_ACTIVE_DATE, CERT_EXPIRATION_DATE) VALUES (6, 1, '2023-01-01', '2026-01-01');
INSERT INTO BEAUTICIAN_CERT (BEAUTICIAN_ID, CERTIFICATE_ID, CERT_ACTIVE_DATE, CERT_EXPIRATION_DATE) VALUES (6, 2, '2023-02-01', '2026-02-01');
INSERT INTO BEAUTICIAN_CERT (BEAUTICIAN_ID, CERTIFICATE_ID, CERT_ACTIVE_DATE, CERT_EXPIRATION_DATE) VALUES (6, 3, '2023-03-01', '2026-03-01');

--11
CREATE TABLE APPOINTMENT (
    APPOINTMENT_ID INT PRIMARY KEY,
    CUSTOMER_ID INT NOT NULL,
    BEAUTICIAN_ID INT NOT NULL,
    STORE_ID INT NOT NULL,
    APP_DATETIME DATETIME NOT NULL,
    FOREIGN KEY (CUSTOMER_ID) REFERENCES CUSTOMER(CUSTOMER_ID),
    FOREIGN KEY (BEAUTICIAN_ID) REFERENCES BEAUTICIAN(BEAUTICIAN_ID),
    FOREIGN KEY (STORE_ID) REFERENCES STORE(STORE_ID)
);
INSERT INTO APPOINTMENT (APPOINTMENT_ID, CUSTOMER_ID, BEAUTICIAN_ID, STORE_ID, APP_DATETIME) VALUES (1, 1, 1, 1, '2023-09-01 10:00:00');
INSERT INTO APPOINTMENT (APPOINTMENT_ID, CUSTOMER_ID, BEAUTICIAN_ID, STORE_ID, APP_DATETIME) VALUES (2, 2, 2, 1, '2023-09-02 11:00:00');
INSERT INTO APPOINTMENT (APPOINTMENT_ID, CUSTOMER_ID, BEAUTICIAN_ID, STORE_ID, APP_DATETIME) VALUES (3, 3, 3, 1, '2023-09-03 12:00:00');
INSERT INTO APPOINTMENT (APPOINTMENT_ID, CUSTOMER_ID, BEAUTICIAN_ID, STORE_ID, APP_DATETIME) VALUES (4, 4, 4, 2, '2023-09-04 13:00:00');
INSERT INTO APPOINTMENT (APPOINTMENT_ID, CUSTOMER_ID, BEAUTICIAN_ID, STORE_ID, APP_DATETIME) VALUES (5, 5, 5, 2, '2023-09-05 14:00:00');
INSERT INTO APPOINTMENT (APPOINTMENT_ID, CUSTOMER_ID, BEAUTICIAN_ID, STORE_ID, APP_DATETIME) VALUES (6, 6, 6, 2, '2023-09-06 15:00:00');
INSERT INTO APPOINTMENT (APPOINTMENT_ID, CUSTOMER_ID, BEAUTICIAN_ID, STORE_ID, APP_DATETIME) VALUES (7, 7, 4, 6, '2023-09-07 16:00:00');

--12
CREATE TABLE PRODUCT (
    PRODUCT_ID INT PRIMARY KEY,
    PROD_NAME VARCHAR(255) NOT NULL,
    PROD_DESCR VARCHAR(255) NOT NULL,
    PROD_PRICE DECIMAL(10, 2) NOT NULL);

INSERT INTO PRODUCT (PRODUCT_ID, PROD_NAME, PROD_DESCR, PROD_PRICE) VALUES (1, 'Shampoo A', 'Moisturizing Shampoo', 10.99);
INSERT INTO PRODUCT (PRODUCT_ID, PROD_NAME, PROD_DESCR, PROD_PRICE) VALUES (2, 'Conditioner B', 'Smooth Conditioner', 12.99);
INSERT INTO PRODUCT (PRODUCT_ID, PROD_NAME, PROD_DESCR, PROD_PRICE) VALUES (3, 'Hair Color C', 'Natural Brown Color', 15.99);
INSERT INTO PRODUCT (PRODUCT_ID, PROD_NAME, PROD_DESCR, PROD_PRICE) VALUES (4, 'Nail Polish D', 'Red Nail Polish', 8.99);
INSERT INTO PRODUCT (PRODUCT_ID, PROD_NAME, PROD_DESCR, PROD_PRICE) VALUES (5, 'Hair Gel E', 'Strong Hold Gel', 9.99);
INSERT INTO PRODUCT (PRODUCT_ID, PROD_NAME, PROD_DESCR, PROD_PRICE) VALUES (6, 'Face Cream F', 'Hydrating Face Cream', 20.99);

--13

CREATE TABLE STORE_PRODUCT (
    PRODUCT_ID INT NOT NULL,
    STORE_ID INT NOT NULL,
    ST_PROD_QOH INT NOT NULL,
    ST_PROD_MIN INT NOT NULL,
    ST_PROD_REORD INT,
    CHECK (ST_PROD_QOH >= ST_PROD_MIN),
    PRIMARY KEY (PRODUCT_ID, STORE_ID),
    FOREIGN KEY (PRODUCT_ID) REFERENCES PRODUCT(PRODUCT_ID),
    FOREIGN KEY (STORE_ID) REFERENCES STORE(STORE_ID)
);
INSERT INTO STORE_PRODUCT (PRODUCT_ID, STORE_ID, ST_PROD_QOH, ST_PROD_MIN, ST_PROD_REORD) VALUES (1, 1, 100, 50, 0);
INSERT INTO STORE_PRODUCT (PRODUCT_ID, STORE_ID, ST_PROD_QOH, ST_PROD_MIN, ST_PROD_REORD) VALUES (2, 1, 200, 40, 0);
INSERT INTO STORE_PRODUCT (PRODUCT_ID, STORE_ID, ST_PROD_QOH, ST_PROD_MIN, ST_PROD_REORD) VALUES (3, 1, 150, 30, 0);
INSERT INTO STORE_PRODUCT (PRODUCT_ID, STORE_ID, ST_PROD_QOH, ST_PROD_MIN, ST_PROD_REORD) VALUES (4, 1, 50, 20, 0);
INSERT INTO STORE_PRODUCT (PRODUCT_ID, STORE_ID, ST_PROD_QOH, ST_PROD_MIN, ST_PROD_REORD) VALUES (5, 1, 300, 100, 0);
INSERT INTO STORE_PRODUCT (PRODUCT_ID, STORE_ID, ST_PROD_QOH, ST_PROD_MIN, ST_PROD_REORD) VALUES (6, 1, 250, 50, 0);

INSERT INTO STORE_PRODUCT (PRODUCT_ID, STORE_ID, ST_PROD_QOH, ST_PROD_MIN, ST_PROD_REORD) VALUES (1, 2, 120, 60, 0);
INSERT INTO STORE_PRODUCT (PRODUCT_ID, STORE_ID, ST_PROD_QOH, ST_PROD_MIN, ST_PROD_REORD) VALUES (2, 2, 180, 30, 0);
INSERT INTO STORE_PRODUCT (PRODUCT_ID, STORE_ID, ST_PROD_QOH, ST_PROD_MIN, ST_PROD_REORD) VALUES (3, 2, 130, 40, 0);
INSERT INTO STORE_PRODUCT (PRODUCT_ID, STORE_ID, ST_PROD_QOH, ST_PROD_MIN, ST_PROD_REORD) VALUES (4, 2, 70, 20, 0);
INSERT INTO STORE_PRODUCT (PRODUCT_ID, STORE_ID, ST_PROD_QOH, ST_PROD_MIN, ST_PROD_REORD) VALUES (5, 2, 280, 80, 0);
INSERT INTO STORE_PRODUCT (PRODUCT_ID, STORE_ID, ST_PROD_QOH, ST_PROD_MIN, ST_PROD_REORD) VALUES (6, 2, 230, 40, 0);

INSERT INTO STORE_PRODUCT (PRODUCT_ID, STORE_ID, ST_PROD_QOH, ST_PROD_MIN, ST_PROD_REORD) VALUES (1, 3, 110, 55, 0);
INSERT INTO STORE_PRODUCT (PRODUCT_ID, STORE_ID, ST_PROD_QOH, ST_PROD_MIN, ST_PROD_REORD) VALUES (2, 3, 190, 35, 0);
INSERT INTO STORE_PRODUCT (PRODUCT_ID, STORE_ID, ST_PROD_QOH, ST_PROD_MIN, ST_PROD_REORD) VALUES (3, 3, 140, 35, 0);
INSERT INTO STORE_PRODUCT (PRODUCT_ID, STORE_ID, ST_PROD_QOH, ST_PROD_MIN, ST_PROD_REORD) VALUES (4, 3, 60, 15, 0);
INSERT INTO STORE_PRODUCT (PRODUCT_ID, STORE_ID, ST_PROD_QOH, ST_PROD_MIN, ST_PROD_REORD) VALUES (5, 3, 270, 90, 0);
INSERT INTO STORE_PRODUCT (PRODUCT_ID, STORE_ID, ST_PROD_QOH, ST_PROD_MIN, ST_PROD_REORD) VALUES (6, 3, 220, 45, 0);

--14
CREATE TABLE SERVICE (
    SERVICE_ID INT PRIMARY KEY,
    SERVICE_NAME VARCHAR(255) NOT NULL,
    SERVICE_DESCR VARCHAR(255) NOT NULL,
    SERVICE_PRICE DECIMAL(10, 2) NOT NULL
);
INSERT INTO SERVICE (SERVICE_ID, SERVICE_NAME, SERVICE_DESCR, SERVICE_PRICE) VALUES (1, 'Haircut', 'Basic haircut and styling', 25.00);
INSERT INTO SERVICE (SERVICE_ID, SERVICE_NAME, SERVICE_DESCR, SERVICE_PRICE) VALUES (2, 'Hair Coloring', 'Full hair coloring with premium dyes', 60.00);
INSERT INTO SERVICE (SERVICE_ID, SERVICE_NAME, SERVICE_DESCR, SERVICE_PRICE) VALUES (3, 'Manicure', 'Nail shaping, cuticle care, and polish', 20.00);
INSERT INTO SERVICE (SERVICE_ID, SERVICE_NAME, SERVICE_DESCR, SERVICE_PRICE) VALUES (4, 'Pedicure', 'Foot soak, nail care, and polish', 30.00);
INSERT INTO SERVICE (SERVICE_ID, SERVICE_NAME, SERVICE_DESCR, SERVICE_PRICE) VALUES (5, 'Facial', 'Deep cleansing facial with exfoliation', 50.00);
INSERT INTO SERVICE (SERVICE_ID, SERVICE_NAME, SERVICE_DESCR, SERVICE_PRICE) VALUES (6, 'Massage', 'One-hour full-body relaxation massage', 70.00);

--15
CREATE TABLE STORE_SERVICE (
    STORE_ID INT NOT NULL,
    SERVICE_ID INT NOT NULL,
    PRIMARY KEY (STORE_ID, SERVICE_ID),
    FOREIGN KEY (STORE_ID) REFERENCES STORE(STORE_ID),
    FOREIGN KEY (SERVICE_ID) REFERENCES SERVICE(SERVICE_ID)
);
INSERT INTO STORE_SERVICE (STORE_ID, SERVICE_ID) VALUES (1, 1);
INSERT INTO STORE_SERVICE (STORE_ID, SERVICE_ID) VALUES (1, 2);
INSERT INTO STORE_SERVICE (STORE_ID, SERVICE_ID) VALUES (1, 3);
INSERT INTO STORE_SERVICE (STORE_ID, SERVICE_ID) VALUES (1, 4);
INSERT INTO STORE_SERVICE (STORE_ID, SERVICE_ID) VALUES (1, 5);
INSERT INTO STORE_SERVICE (STORE_ID, SERVICE_ID) VALUES (1, 6);
INSERT INTO STORE_SERVICE (STORE_ID, SERVICE_ID) VALUES (2, 1);
INSERT INTO STORE_SERVICE (STORE_ID, SERVICE_ID) VALUES (2, 2);
INSERT INTO STORE_SERVICE (STORE_ID, SERVICE_ID) VALUES (2, 3);
INSERT INTO STORE_SERVICE (STORE_ID, SERVICE_ID) VALUES (2, 4);
INSERT INTO STORE_SERVICE (STORE_ID, SERVICE_ID) VALUES (2, 5);
INSERT INTO STORE_SERVICE (STORE_ID, SERVICE_ID) VALUES (2, 6);
INSERT INTO STORE_SERVICE (STORE_ID, SERVICE_ID) VALUES (3, 1);
INSERT INTO STORE_SERVICE (STORE_ID, SERVICE_ID) VALUES (3, 2);
INSERT INTO STORE_SERVICE (STORE_ID, SERVICE_ID) VALUES (3, 3);
INSERT INTO STORE_SERVICE (STORE_ID, SERVICE_ID) VALUES (3, 4);
INSERT INTO STORE_SERVICE (STORE_ID, SERVICE_ID) VALUES (3, 5);
INSERT INTO STORE_SERVICE (STORE_ID, SERVICE_ID) VALUES (3, 6);

--16
CREATE TABLE ORDER_ (
    ORDER_ID INT PRIMARY KEY,
    STORE_ID INT NOT NULL,
    BEAUTICIAN_ID INT NULL,
    CUSTOMER_ID INT NOT NULL,
    APPOINTMENT_ID INT NULL,
    FOREIGN KEY (STORE_ID) REFERENCES STORE(STORE_ID),
    FOREIGN KEY (BEAUTICIAN_ID) REFERENCES BEAUTICIAN(BEAUTICIAN_ID),
    FOREIGN KEY (CUSTOMER_ID) REFERENCES CUSTOMER(CUSTOMER_ID),
    FOREIGN KEY (APPOINTMENT_ID) REFERENCES APPOINTMENT(APPOINTMENT_ID)
);

INSERT INTO ORDER_ (ORDER_ID, STORE_ID, BEAUTICIAN_ID, CUSTOMER_ID, APPOINTMENT_ID)
VALUES (1, 1, 1, 1, 1);

INSERT INTO ORDER_ (ORDER_ID, STORE_ID, BEAUTICIAN_ID, CUSTOMER_ID, APPOINTMENT_ID)
VALUES (2, 2, 4, 2, 2);

INSERT INTO ORDER_ (ORDER_ID, STORE_ID, BEAUTICIAN_ID, CUSTOMER_ID, APPOINTMENT_ID)
VALUES (3, 3, 7, 3, 3);

INSERT INTO ORDER_ (ORDER_ID, STORE_ID, BEAUTICIAN_ID, CUSTOMER_ID, APPOINTMENT_ID)
VALUES (4, 1, 2, 4, 4);

INSERT INTO ORDER_ (ORDER_ID, STORE_ID, BEAUTICIAN_ID, CUSTOMER_ID, APPOINTMENT_ID)
VALUES (5, 2, 5, 5, 5);

INSERT INTO ORDER_ (ORDER_ID, STORE_ID, BEAUTICIAN_ID, CUSTOMER_ID, APPOINTMENT_ID)
VALUES (6, 3, 8, 6, 6);

INSERT INTO ORDER_ (ORDER_ID, STORE_ID, BEAUTICIAN_ID, CUSTOMER_ID, APPOINTMENT_ID)
VALUES (7, 1, NULL, 7, NULL);

ALTER TABLE ORDER_
ADD ORDER_DATE DATE;

UPDATE ORDER_ SET ORDER_DATE = '2023-09-01' WHERE ORDER_ID = 1;
UPDATE ORDER_ SET ORDER_DATE = '2023-09-02' WHERE ORDER_ID = 2;
UPDATE ORDER_ SET ORDER_DATE = '2023-09-03' WHERE ORDER_ID = 3;
UPDATE ORDER_ SET ORDER_DATE = '2023-09-04' WHERE ORDER_ID = 4;
UPDATE ORDER_ SET ORDER_DATE = '2023-09-05' WHERE ORDER_ID = 5;
UPDATE ORDER_ SET ORDER_DATE = '2023-09-06' WHERE ORDER_ID = 6;
UPDATE ORDER_ SET ORDER_DATE = '2023-09-06' WHERE ORDER_ID = 7;

SELECT * FROM ORDER_

--17
CREATE TABLE CREDIT_CARD (
    CREDIT_CARD_ID INT PRIMARY KEY,
    CUSTOMER_ID INT NOT NULL,
    CC_CARD_NUM CHAR(16) NOT NULL,
    CC_EXP_DATE DATE NOT NULL,
    CC_CCV CHAR(3) NOT NULL,
    CC_CFNAME VARCHAR(50) NOT NULL,
    CC_LNAME VARCHAR(50) NOT NULL,
    CC_INIT CHAR(1) NULL,
    CC_ST_NUM VARCHAR(10) NOT NULL,
    CC_ST_NAME VARCHAR(50) NOT NULL,
    ZIP_CODE VARCHAR(10) NOT NULL,
    FOREIGN KEY (CUSTOMER_ID) REFERENCES CUSTOMER(CUSTOMER_ID),
    FOREIGN KEY (ZIP_CODE) REFERENCES ZIPCODE(ZIP_CODE)
);
INSERT INTO CREDIT_CARD (CREDIT_CARD_ID, CUSTOMER_ID, CC_CARD_NUM, CC_EXP_DATE, CC_CCV, CC_CFNAME, CC_LNAME, CC_ST_NUM, CC_ST_NAME, ZIP_CODE)
VALUES (1, 1, '1234567812345678', '2024-05-01', '123', 'James', 'Johnson', '123', 'Main St', '48098');

INSERT INTO CREDIT_CARD (CREDIT_CARD_ID, CUSTOMER_ID, CC_CARD_NUM, CC_EXP_DATE, CC_CCV, CC_CFNAME, CC_LNAME, CC_ST_NUM, CC_ST_NAME, ZIP_CODE)
VALUES (2, 2, '2345678923456789', '2023-11-15', '456', 'Lindsey', 'Williamson', '123', 'Oak St', '48206');

INSERT INTO CREDIT_CARD (CREDIT_CARD_ID, CUSTOMER_ID, CC_CARD_NUM, CC_EXP_DATE, CC_CCV, CC_CFNAME, CC_LNAME, CC_ST_NUM, CC_ST_NAME, ZIP_CODE)
VALUES (3, 3, '3456789034567890', '2025-01-20', '789', 'Sara', 'Williams', '789', 'Pine St', '48206');

INSERT INTO CREDIT_CARD (CREDIT_CARD_ID, CUSTOMER_ID, CC_CARD_NUM, CC_EXP_DATE, CC_CCV, CC_CFNAME, CC_LNAME, CC_ST_NUM, CC_ST_NAME, ZIP_CODE)
VALUES (4, 4, '4567890145678901', '2023-09-05', '012', 'Michael', 'Brown', '123', 'Elm St', '48217');

INSERT INTO CREDIT_CARD (CREDIT_CARD_ID, CUSTOMER_ID, CC_CARD_NUM, CC_EXP_DATE, CC_CCV, CC_CFNAME, CC_LNAME, CC_ST_NUM, CC_ST_NAME, ZIP_CODE)
VALUES (5, 5, '5678901256789012', '2024-12-31', '345', 'Scott', 'Davis', '456', 'Maple St', '48224');

INSERT INTO CREDIT_CARD (CREDIT_CARD_ID, CUSTOMER_ID, CC_CARD_NUM, CC_EXP_DATE, CC_CCV, CC_CFNAME, CC_LNAME, CC_ST_NUM, CC_ST_NAME, ZIP_CODE)
VALUES (6, 6, '6789012367890123', '2025-03-10', '678', 'David', 'Miller', '789', 'Birch St', '48226');

--18
CREATE TABLE ORDER_SERVICE (
    SERVICE_ID INT NOT NULL,
    ORDER_ID INT NOT NULL,
    SERVICE_PRICE_AT_SALE DECIMAL(10, 2) NOT NULL,
    PROMOTION_ID INT NULL,
	PRIMARY KEY (SERVICE_ID, ORDER_ID),
    FOREIGN KEY (SERVICE_ID) REFERENCES SERVICE(SERVICE_ID),
    FOREIGN KEY (ORDER_ID) REFERENCES ORDER_(ORDER_ID),
    FOREIGN KEY (PROMOTION_ID) REFERENCES PROMOTION(PROMOTION_ID)
);
INSERT INTO ORDER_SERVICE (SERVICE_ID, ORDER_ID, SERVICE_PRICE_AT_SALE, PROMOTION_ID) VALUES (1, 1, 25.00, 1);
INSERT INTO ORDER_SERVICE (SERVICE_ID, ORDER_ID, SERVICE_PRICE_AT_SALE, PROMOTION_ID) VALUES (2, 1, 60.00, NULL);

INSERT INTO ORDER_SERVICE (SERVICE_ID, ORDER_ID, SERVICE_PRICE_AT_SALE, PROMOTION_ID) VALUES (3, 2, 20.00, NULL);
INSERT INTO ORDER_SERVICE (SERVICE_ID, ORDER_ID, SERVICE_PRICE_AT_SALE, PROMOTION_ID) VALUES (4, 2, 30.00, NULL);

INSERT INTO ORDER_SERVICE (SERVICE_ID, ORDER_ID, SERVICE_PRICE_AT_SALE, PROMOTION_ID) VALUES (5, 3, 50.00, NULL);
INSERT INTO ORDER_SERVICE (SERVICE_ID, ORDER_ID, SERVICE_PRICE_AT_SALE, PROMOTION_ID) VALUES (6, 3, 70.00, NULL);

INSERT INTO ORDER_SERVICE (SERVICE_ID, ORDER_ID, SERVICE_PRICE_AT_SALE, PROMOTION_ID) VALUES (1, 4, 25.00, NULL);
INSERT INTO ORDER_SERVICE (SERVICE_ID, ORDER_ID, SERVICE_PRICE_AT_SALE, PROMOTION_ID) VALUES (2, 4, 60.00, NULL);

INSERT INTO ORDER_SERVICE (SERVICE_ID, ORDER_ID, SERVICE_PRICE_AT_SALE, PROMOTION_ID) VALUES (3, 5, 20.00, NULL);
INSERT INTO ORDER_SERVICE (SERVICE_ID, ORDER_ID, SERVICE_PRICE_AT_SALE, PROMOTION_ID) VALUES (4, 5, 30.00, NULL);

INSERT INTO ORDER_SERVICE (SERVICE_ID, ORDER_ID, SERVICE_PRICE_AT_SALE, PROMOTION_ID) VALUES (5, 6, 50.00, NULL);
INSERT INTO ORDER_SERVICE (SERVICE_ID, ORDER_ID, SERVICE_PRICE_AT_SALE, PROMOTION_ID) VALUES (6, 6, 70.00, NULL);

--19

CREATE TABLE ORDER_PRODUCT (
    PRODUCT_ID INT NOT NULL,
    ORDER_ID INT NOT NULL,
    PRODUCT_PRICE_AT_SALE DECIMAL(10, 2) NOT NULL,
	ORD_PRO_QTY INT NOT NULL,
	PROMOTION_ID INT NULL,
    PRIMARY KEY (PRODUCT_ID, ORDER_ID),
    FOREIGN KEY (PRODUCT_ID) REFERENCES PRODUCT(PRODUCT_ID),
    FOREIGN KEY (ORDER_ID) REFERENCES ORDER_(ORDER_ID),
    FOREIGN KEY (PROMOTION_ID) REFERENCES PROMOTION(PROMOTION_ID)
);
INSERT INTO ORDER_PRODUCT (PRODUCT_ID, ORDER_ID, PRODUCT_PRICE_AT_SALE, ORD_PRO_QTY, PROMOTION_ID) VALUES (1, 1, 10.99, 2, NULL);
INSERT INTO ORDER_PRODUCT (PRODUCT_ID, ORDER_ID, PRODUCT_PRICE_AT_SALE, ORD_PRO_QTY, PROMOTION_ID) VALUES (2, 1, 12.99, 1, NULL);
INSERT INTO ORDER_PRODUCT (PRODUCT_ID, ORDER_ID, PRODUCT_PRICE_AT_SALE, ORD_PRO_QTY, PROMOTION_ID) VALUES (3, 2, 15.99, 3, NULL);
INSERT INTO ORDER_PRODUCT (PRODUCT_ID, ORDER_ID, PRODUCT_PRICE_AT_SALE, ORD_PRO_QTY, PROMOTION_ID) VALUES (4, 2, 8.99, 2, NULL);
INSERT INTO ORDER_PRODUCT (PRODUCT_ID, ORDER_ID, PRODUCT_PRICE_AT_SALE, ORD_PRO_QTY, PROMOTION_ID) VALUES (5, 3, 9.99, 1, NULL);
INSERT INTO ORDER_PRODUCT (PRODUCT_ID, ORDER_ID, PRODUCT_PRICE_AT_SALE, ORD_PRO_QTY, PROMOTION_ID) VALUES (6, 3, 20.99, 2, NULL);
INSERT INTO ORDER_PRODUCT (PRODUCT_ID, ORDER_ID, PRODUCT_PRICE_AT_SALE, ORD_PRO_QTY, PROMOTION_ID) VALUES (1, 4, 10.99, 3, NULL);
INSERT INTO ORDER_PRODUCT (PRODUCT_ID, ORDER_ID, PRODUCT_PRICE_AT_SALE, ORD_PRO_QTY, PROMOTION_ID) VALUES (3, 4, 15.99, 1, NULL);
INSERT INTO ORDER_PRODUCT (PRODUCT_ID, ORDER_ID, PRODUCT_PRICE_AT_SALE, ORD_PRO_QTY, PROMOTION_ID) VALUES (4, 5, 8.99, 2, NULL);
INSERT INTO ORDER_PRODUCT (PRODUCT_ID, ORDER_ID, PRODUCT_PRICE_AT_SALE, ORD_PRO_QTY, PROMOTION_ID) VALUES (6, 5, 20.99, 1, NULL);
INSERT INTO ORDER_PRODUCT (PRODUCT_ID, ORDER_ID, PRODUCT_PRICE_AT_SALE, ORD_PRO_QTY, PROMOTION_ID) VALUES (2, 6, 12.99, 2, NULL);
INSERT INTO ORDER_PRODUCT (PRODUCT_ID, ORDER_ID, PRODUCT_PRICE_AT_SALE, ORD_PRO_QTY, PROMOTION_ID) VALUES (5, 6, 9.99, 3, NULL);
INSERT INTO ORDER_PRODUCT (PRODUCT_ID, ORDER_ID, PRODUCT_PRICE_AT_SALE, ORD_PRO_QTY, PROMOTION_ID) VALUES (1, 7, 10.99, 3, 4);

--20
CREATE TABLE CREDIT_CARD_PAYMENT (
    CREDIT_CARD_ID INT NOT NULL,
    ORDER_ID INT NOT NULL,
    CC_AMOUNT DECIMAL(10, 2) NOT NULL,
    CC_PAYMENT_DATE DATE NOT NULL,
    PRIMARY KEY (CREDIT_CARD_ID, ORDER_ID),
    FOREIGN KEY (CREDIT_CARD_ID) REFERENCES CREDIT_CARD(CREDIT_CARD_ID),
    FOREIGN KEY (ORDER_ID) REFERENCES ORDER_(ORDER_ID)
);
INSERT INTO CREDIT_CARD_PAYMENT (CREDIT_CARD_ID, ORDER_ID, CC_AMOUNT, CC_PAYMENT_DATE) VALUES (1, 1, 120.00, '2023-09-01');
INSERT INTO CREDIT_CARD_PAYMENT (CREDIT_CARD_ID, ORDER_ID, CC_AMOUNT, CC_PAYMENT_DATE) VALUES (2, 2, 116.00, '2023-09-02');
INSERT INTO CREDIT_CARD_PAYMENT (CREDIT_CARD_ID, ORDER_ID, CC_AMOUNT, CC_PAYMENT_DATE) VALUES (3, 3, 172.00, '2023-09-03');
INSERT INTO CREDIT_CARD_PAYMENT (CREDIT_CARD_ID, ORDER_ID, CC_AMOUNT, CC_PAYMENT_DATE) VALUES (4, 4, 134.00, '2023-09-04');
INSERT INTO CREDIT_CARD_PAYMENT (CREDIT_CARD_ID, ORDER_ID, CC_AMOUNT, CC_PAYMENT_DATE) VALUES (5, 5, 89.00, '2023-09-05');
INSERT INTO CREDIT_CARD_PAYMENT (CREDIT_CARD_ID, ORDER_ID, CC_AMOUNT, CC_PAYMENT_DATE) VALUES (6, 6, 176.00, '2023-09-06');


--21
CREATE TABLE CHECK_PAYMENT (
    CHECK_PAYMENT_ID INT PRIMARY KEY,
    CHECK_NUM VARCHAR(255) NOT NULL,
    CUSTOMER_ID INT NOT NULL,
    ORDER_ID INT NOT NULL,
    CHECK_AMOUNT DECIMAL(10, 2) NOT NULL,
    CHECK_DATE DATE NOT NULL,
    FOREIGN KEY (CUSTOMER_ID) REFERENCES CUSTOMER(CUSTOMER_ID),
    FOREIGN KEY (ORDER_ID) REFERENCES ORDER_(ORDER_ID)
);

INSERT INTO CHECK_PAYMENT (CHECK_PAYMENT_ID, CHECK_NUM, CUSTOMER_ID, ORDER_ID, CHECK_AMOUNT, CHECK_DATE)
VALUES (1, 'CHK123', 1, 1, 91.80, '2023-09-01');

INSERT INTO CHECK_PAYMENT (CHECK_PAYMENT_ID, CHECK_NUM, CUSTOMER_ID, ORDER_ID, CHECK_AMOUNT, CHECK_DATE)
VALUES (2, 'CHK124', 2, 2, 104.31, '2023-09-02');

INSERT INTO CHECK_PAYMENT (CHECK_PAYMENT_ID, CHECK_NUM, CUSTOMER_ID, ORDER_ID, CHECK_AMOUNT, CHECK_DATE)
VALUES (3, 'CHK125', 3, 3, 154.74, '2023-09-03');

INSERT INTO CHECK_PAYMENT (CHECK_PAYMENT_ID, CHECK_NUM, CUSTOMER_ID, ORDER_ID, CHECK_AMOUNT, CHECK_DATE)
VALUES (4, 'CHK126', 4, 4, 120.52, '2023-09-04');

--22

CREATE TABLE CASH_PAYMENT (
    CASH_PAYMENT_ID INT PRIMARY KEY,
    CUSTOMER_ID INT NOT NULL,
    ORDER_ID INT NOT NULL,
    CASH_AMOUNT DECIMAL(10, 2) NOT NULL,
    CASH_PAYMENT_DATE DATE NOT NULL,
    FOREIGN KEY (CUSTOMER_ID) REFERENCES CUSTOMER(CUSTOMER_ID),
    FOREIGN KEY (ORDER_ID) REFERENCES ORDER_(ORDER_ID)
);

INSERT INTO CASH_PAYMENT (CASH_PAYMENT_ID, CUSTOMER_ID, ORDER_ID, CASH_AMOUNT, CASH_PAYMENT_DATE)
VALUES (1, 5, 5, 80.04, '2023-09-05');

INSERT INTO CASH_PAYMENT (CASH_PAYMENT_ID, CUSTOMER_ID, ORDER_ID, CASH_AMOUNT, CASH_PAYMENT_DATE)
VALUES (2, 6, 6, 175.90, '2023-09-06');

INSERT INTO CASH_PAYMENT (CASH_PAYMENT_ID, CUSTOMER_ID, ORDER_ID, CASH_AMOUNT, CASH_PAYMENT_DATE)
VALUES (3, 7, 7, 23.49, '2023-09-07');

---------------------------------------------































